{
  "content_scale": 1.0,
  "armature_data": [
    {
      "strVersion": "1.6.0.0",
      "version": 1.6,
      "name": "AnimationGameEnd",
      "bone_data": [
        {
          "name": "Layer3",
          "parent": "",
          "dI": 0,
          "x": 364.16677856445312,
          "y": 442.78897094726562,
          "z": 3,
          "cX": 1.0,
          "cY": 1.0,
          "kX": 0.0,
          "kY": 0.0,
          "arrow_x": -7.8082084655761719E-05,
          "arrow_y": -7.3378614615648985E-05,
          "effectbyskeleton": true,
          "bl": 0,
          "display_data": [
            {
              "name": "a_o_line.png",
              "displayType": 0,
              "skin_data": [
                {
                  "x": -206.666718,
                  "y": 164.999969,
                  "cX": 1.0,
                  "cY": 1.0,
                  "kX": 0.0,
                  "kY": 0.0
                }
              ]
            }
          ]
        },
        {
          "name": "Layer4",
          "parent": "Layer3",
          "dI": 0,
          "x": 165.00003051757813,
          "y": -36.66668701171875,
          "z": 2,
          "cX": 1.0,
          "cY": 1.0,
          "kX": 0.0,
          "kY": 0.0,
          "arrow_x": 1.7404556274414062E-05,
          "arrow_y": -8.41074506752193E-05,
          "effectbyskeleton": true,
          "bl": 0,
          "display_data": [
            {
              "name": "a_o_light1.png",
              "displayType": 0,
              "skin_data": [
                {
                  "x": -437.5001,
                  "y": -379.4556,
                  "cX": 1.0,
                  "cY": 1.0,
                  "kX": 0.0,
                  "kY": 3.14159274
                }
              ]
            }
          ]
        },
        {
          "name": "Layer5",
          "parent": "Layer3",
          "dI": 0,
          "x": 163.33334350585938,
          "y": -183.33334350585938,
          "z": 1,
          "cX": 1.0,
          "cY": 1.0,
          "kX": 0.0,
          "kY": 0.0,
          "arrow_x": -1.3947486877441406E-05,
          "arrow_y": 4.0823884773999453E-05,
          "effectbyskeleton": true,
          "bl": 0,
          "display_data": [
            {
              "name": "a_o_light1.png",
              "displayType": 0,
              "skin_data": [
                {
                  "x": -515.833435,
                  "y": -232.788925,
                  "cX": 1.0,
                  "cY": 1.0,
                  "kX": 0.0,
                  "kY": 0.0
                }
              ]
            }
          ]
        }
      ]
    }
  ],
  "animation_data": [
    {
      "name": "AnimationGameEnd",
      "mov_data": [
        {
          "name": "Animation1",
          "dr": 1,
          "lp": true,
          "to": 0,
          "drTW": 0,
          "twE": 0,
          "sc": 1.0,
          "mov_bone_data": [
            {
              "name": "Layer3",
              "dl": 0.0,
              "frame_data": [
                {
                  "dI": 0,
                  "x": -68.333343505859375,
                  "y": -305.00006103515625,
                  "z": 0,
                  "cX": 1.0,
                  "cY": 1.0,
                  "kX": 0.0,
                  "kY": 0.0,
                  "fi": 0,
                  "twE": 0,
                  "tweenFrame": true,
                  "color": {
                    "a": 255,
                    "r": 255,
                    "g": 255,
                    "b": 255
                  },
                  "bd_src": 1,
                  "bd_dst": 771
                }
              ]
            },
            {
              "name": "Layer4",
              "dl": 0.0,
              "frame_data": [
                {
                  "dI": 0,
                  "x": 0.0,
                  "y": 0.0,
                  "z": 0,
                  "cX": 1.0,
                  "cY": 1.0,
                  "kX": 0.0,
                  "kY": 0.0,
                  "fi": 0,
                  "twE": 0,
                  "tweenFrame": true,
                  "color": {
                    "a": 10,
                    "r": 255,
                    "g": 255,
                    "b": 255
                  },
                  "bd_src": 1,
                  "bd_dst": 771
                }
              ]
            },
            {
              "name": "Layer5",
              "dl": 0.0,
              "frame_data": [
                {
                  "dI": 0,
                  "x": 0.0,
                  "y": 0.0,
                  "z": 0,
                  "cX": 1.0,
                  "cY": 1.0,
                  "kX": 0.0,
                  "kY": 0.0,
                  "fi": 0,
                  "twE": 0,
                  "tweenFrame": true,
                  "color": {
                    "a": 10,
                    "r": 255,
                    "g": 255,
                    "b": 255
                  },
                  "bd_src": 1,
                  "bd_dst": 771
                }
              ]
            }
          ]
        }
      ]
    }
  ],
  "texture_data": [
    {
      "name": "a_o_light1",
      "width": 397.0,
      "height": 639.0,
      "pX": 1.0,
      "pY": 0.5007825,
      "plistFile": "AnimationGameEnd.plist"
    },
    {
      "name": "a_o_line",
      "width": 210.0,
      "height": 110.0,
      "pX": 0.5,
      "pY": 0.5,
      "plistFile": "AnimationGameEnd.plist"
    }
  ],
  "config_file_path": [
    "AnimationGameEnd.plist"
  ],
  "config_png_path": [
    "AnimationGameEnd.png"
  ]
}